{
    "combined_score": 1.9676790516667773,
    "public": {
        "n_circles": 26,
        "sum_radii": 1.967679,
        "min_radius": 0.002893,
        "max_radius": 0.161838,
        "min_gap": 0.0,
        "wall_slack_min": 0.0,
        "centers_str": "  [ 0] (0.9419, 0.0900)\n  [ 1] (0.6450, 0.5171)\n  [ 2] (0.3590, 0.3064)\n  [ 3] (0.7890, 0.2219)\n  [ 4] (0.6474, 0.6994)\n  [ 5] (0.5289, 0.8045)\n  [ 6] (0.1395, 0.0115)\n  [ 7] (0.5717, 0.3178)\n  [ 8] (0.5248, 0.9421)\n  [ 9] (0.7141, 0.3373)\n  [10] (0.0820, 0.0911)\n  [11] (0.9330, 0.2015)\n  [12] (0.3782, 0.9067)\n  [13] (0.6931, 0.2045)\n  [14] (0.9122, 0.4002)\n  [15] (0.2960, 0.0978)\n  [16] (0.0450, 0.2458)\n  [17] (0.1921, 0.0364)\n  [18] (0.1252, 0.4171)\n  [19] (0.7996, 0.0917)\n  [20] (0.2256, 0.6565)\n  [21] (0.6689, 0.9039)\n  [22] (0.4995, 0.1305)\n  [23] (0.8661, 0.8718)\n  [24] (0.5088, 0.5585)\n  [25] (0.7513, 0.4989)"
    },
    "private": {
        "reported_sum_of_radii": 1.9676790516667773,
        "actual_sum_of_radii": 1.9676790516667773
    },
    "text_feedback": "sum_radii=1.967679 | min_gap=0.000000 | wall_slack_min=0.000000",
    "execution_time_mean": 10.245558709008037,
    "execution_time_std": 0.0,
    "num_valid_runs": 1,
    "num_invalid_runs": 0,
    "all_validation_errors": []
}