{
    "combined_score": 2.151589095368851,
    "public": {
        "n_circles": 26,
        "sum_radii": 2.151589,
        "min_radius": 0.033936,
        "max_radius": 0.162929,
        "min_gap": 0.0,
        "wall_slack_min": 0.0,
        "centers_str": "  [ 0] (0.0938, 0.0848)\n  [ 1] (0.2500, 0.0774)\n  [ 2] (0.4033, 0.0844)\n  [ 3] (0.5719, 0.0773)\n  [ 4] (0.7259, 0.0745)\n  [ 5] (0.8974, 0.0987)\n  [ 6] (0.0820, 0.2438)\n  [ 7] (0.2653, 0.2281)\n  [ 8] (0.4226, 0.2342)\n  [ 9] (0.5550, 0.2502)\n  [10] (0.7366, 0.2199)\n  [11] (0.9164, 0.2832)\n  [12] (0.0680, 0.3899)\n  [13] (0.2336, 0.4584)\n  [14] (0.4169, 0.3708)\n  [15] (0.6036, 0.4471)\n  [16] (0.7376, 0.4319)\n  [17] (0.9053, 0.4614)\n  [18] (0.0708, 0.5358)\n  [19] (0.2256, 0.6081)\n  [20] (0.4088, 0.5223)\n  [21] (0.5394, 0.6493)\n  [22] (0.7411, 0.6056)\n  [23] (0.9232, 0.6440)\n  [24] (0.1036, 0.7682)\n  [25] (0.3589, 0.8371)"
    },
    "private": {
        "reported_sum_of_radii": 2.151589095368851,
        "actual_sum_of_radii": 2.151589095368851
    },
    "text_feedback": "sum_radii=2.151589 | min_gap=0.000000 | wall_slack_min=0.000000",
    "execution_time_mean": 8.361654709005961,
    "execution_time_std": 0.0,
    "num_valid_runs": 1,
    "num_invalid_runs": 0,
    "all_validation_errors": []
}