{
    "combined_score": 1.942528608676178,
    "public": {
        "n_circles": 26,
        "sum_radii": 1.942529,
        "min_radius": 0.029786,
        "max_radius": 0.141622,
        "min_gap": 0.0,
        "wall_slack_min": 0.000523,
        "centers_str": "  [ 0] (0.0670, 0.0670)\n  [ 1] (0.2164, 0.0845)\n  [ 2] (0.3878, 0.0879)\n  [ 3] (0.5589, 0.0842)\n  [ 4] (0.7057, 0.0649)\n  [ 5] (0.0948, 0.7412)\n  [ 6] (0.0602, 0.3881)\n  [ 7] (0.1030, 0.5445)\n  [ 8] (0.0827, 0.9173)\n  [ 9] (0.1027, 0.2319)\n  [10] (0.2032, 0.3879)\n  [11] (0.2375, 0.6558)\n  [12] (0.8778, 0.1356)\n  [13] (0.4807, 0.2445)\n  [14] (0.2954, 0.2402)\n  [15] (0.6753, 0.2272)\n  [16] (0.2701, 0.5216)\n  [17] (0.2974, 0.8593)\n  [18] (0.3803, 0.4048)\n  [19] (0.4421, 0.6255)\n  [20] (0.8506, 0.4047)\n  [21] (0.5882, 0.4237)\n  [22] (0.5743, 0.8627)\n  [23] (0.8552, 0.8552)\n  [24] (0.7016, 0.6342)\n  [25] (0.9130, 0.6317)"
    },
    "private": {
        "reported_sum_of_radii": 1.942528608676178,
        "actual_sum_of_radii": 1.942528608676178
    },
    "text_feedback": "sum_radii=1.942529 | min_gap=0.000000 | wall_slack_min=0.000523",
    "execution_time_mean": 0.9539262499893084,
    "execution_time_std": 0.0,
    "num_valid_runs": 1,
    "num_invalid_runs": 0,
    "all_validation_errors": []
}