{
    "combined_score": 1.9750173231172792,
    "public": {
        "n_circles": 26,
        "sum_radii": 1.975017,
        "min_radius": 0.038382,
        "max_radius": 0.124599,
        "min_gap": 0.0,
        "wall_slack_min": 0.0,
        "centers_str": "  [ 0] (0.8955, 0.2166)\n  [ 1] (0.5399, 0.6054)\n  [ 2] (0.7645, 0.1468)\n  [ 3] (0.4026, 0.2470)\n  [ 4] (0.8970, 0.7089)\n  [ 5] (0.2287, 0.4209)\n  [ 6] (0.0727, 0.2770)\n  [ 7] (0.0937, 0.1333)\n  [ 8] (0.7600, 0.5612)\n  [ 9] (0.4489, 0.1392)\n  [10] (0.3993, 0.8708)\n  [11] (0.7529, 0.3805)\n  [12] (0.0677, 0.5269)\n  [13] (0.2887, 0.1165)\n  [14] (0.4405, 0.7681)\n  [15] (0.8959, 0.5869)\n  [16] (0.7040, 0.8615)\n  [17] (0.5968, 0.4171)\n  [18] (0.9065, 0.4465)\n  [19] (0.2663, 0.5839)\n  [20] (0.4230, 0.3944)\n  [21] (0.5265, 0.2537)\n  [22] (0.5515, 0.8909)\n  [23] (0.6087, 0.0756)\n  [24] (0.3758, 0.5581)\n  [25] (0.2409, 0.9084)"
    },
    "private": {
        "reported_sum_of_radii": 1.9750173231172792,
        "actual_sum_of_radii": 1.9750173231172792
    },
    "text_feedback": "sum_radii=1.975017 | min_gap=0.000000 | wall_slack_min=0.000000",
    "execution_time_mean": 2.0741567499935627,
    "execution_time_std": 0.0,
    "num_valid_runs": 1,
    "num_invalid_runs": 0,
    "all_validation_errors": []
}