{
    "combined_score": 1.9631940148179807,
    "public": {
        "n_circles": 26,
        "sum_radii": 1.963194,
        "min_radius": 0.01,
        "max_radius": 0.158292,
        "min_gap": 0.0,
        "wall_slack_min": 0.0,
        "centers_str": "  [ 0] (0.7350, 0.6285)\n  [ 1] (0.1046, 0.0977)\n  [ 2] (0.6726, 0.9572)\n  [ 3] (0.0559, 0.9318)\n  [ 4] (0.3735, 0.3332)\n  [ 5] (0.0978, 0.7965)\n  [ 6] (0.2596, 0.5291)\n  [ 7] (0.3974, 0.9205)\n  [ 8] (0.9453, 0.0372)\n  [ 9] (0.4966, 0.4164)\n  [10] (0.1737, 0.3081)\n  [11] (0.9253, 0.4699)\n  [12] (0.5118, 0.9900)\n  [13] (0.7100, 0.4503)\n  [14] (0.0796, 0.6151)\n  [15] (0.5492, 0.9008)\n  [16] (0.7989, 0.8853)\n  [17] (0.2664, 0.9192)\n  [18] (0.8325, 0.1971)\n  [19] (0.8816, 0.6898)\n  [20] (0.4738, 0.1665)\n  [21] (0.0292, 0.4287)\n  [22] (0.5974, 0.6835)\n  [23] (0.3391, 0.7324)\n  [24] (0.4241, 0.0100)\n  [25] (0.3913, 0.0100)"
    },
    "private": {
        "reported_sum_of_radii": 1.9631940148179807,
        "actual_sum_of_radii": 1.9631940148179807
    },
    "text_feedback": "sum_radii=1.963194 | min_gap=0.000000 | wall_slack_min=0.000000",
    "execution_time_mean": 8.956670125000528,
    "execution_time_std": 0.0,
    "num_valid_runs": 1,
    "num_invalid_runs": 0,
    "all_validation_errors": []
}