{
    "combined_score": 1.778733395489039,
    "public": {
        "n_circles": 26,
        "sum_radii": 1.778733,
        "min_radius": 0.02364,
        "max_radius": 0.142197,
        "min_gap": 0.0,
        "wall_slack_min": 0.00099,
        "centers_str": "  [ 0] (0.5000, 0.5000)\n  [ 1] (0.0500, 0.0500)\n  [ 2] (0.9500, 0.0500)\n  [ 3] (0.0500, 0.9500)\n  [ 4] (0.9500, 0.9500)\n  [ 5] (0.0500, 0.5000)\n  [ 6] (0.9500, 0.5000)\n  [ 7] (0.5000, 0.0500)\n  [ 8] (0.5000, 0.9500)\n  [ 9] (0.8754, 0.8519)\n  [10] (0.1422, 0.8187)\n  [11] (0.1749, 0.1226)\n  [12] (0.7809, 0.0615)\n  [13] (0.3387, 0.0862)\n  [14] (0.8611, 0.1904)\n  [15] (0.8875, 0.3546)\n  [16] (0.8520, 0.6799)\n  [17] (0.6876, 0.2104)\n  [18] (0.4957, 0.1932)\n  [19] (0.7353, 0.8301)\n  [20] (0.7378, 0.4782)\n  [21] (0.3209, 0.8753)\n  [22] (0.1154, 0.2973)\n  [23] (0.3231, 0.6495)\n  [24] (0.5699, 0.8323)\n  [25] (0.4256, 0.3335)"
    },
    "private": {
        "reported_sum_of_radii": 1.778733395489039,
        "actual_sum_of_radii": 1.778733395489039
    },
    "text_feedback": "sum_radii=1.778733 | min_gap=0.000000 | wall_slack_min=0.000990",
    "execution_time_mean": 0.0673676250007702,
    "execution_time_std": 0.0,
    "num_valid_runs": 1,
    "num_invalid_runs": 0,
    "all_validation_errors": []
}