{
    "combined_score": 2.432469138563219,
    "public": {
        "n_circles": 26,
        "sum_radii": 2.432469,
        "min_radius": 0.037174,
        "max_radius": 0.152075,
        "min_gap": -0.0,
        "wall_slack_min": 0.0,
        "centers_str": "  [ 0] (0.9100, 0.2303)\n  [ 1] (0.1521, 0.1524)\n  [ 2] (0.3273, 0.7310)\n  [ 3] (0.5469, 0.1733)\n  [ 4] (0.3681, 0.2490)\n  [ 5] (0.4626, 0.3882)\n  [ 6] (0.6672, 0.3711)\n  [ 7] (0.8902, 0.4290)\n  [ 8] (0.5078, 0.6125)\n  [ 9] (0.3763, 0.0827)\n  [10] (0.1942, 0.6069)\n  [11] (0.7431, 0.5726)\n  [12] (0.5145, 0.9628)\n  [13] (0.9294, 0.0705)\n  [14] (0.7549, 0.1077)\n  [15] (0.0907, 0.7793)\n  [16] (0.0688, 0.4790)\n  [17] (0.2523, 0.8931)\n  [18] (0.9151, 0.6233)\n  [19] (0.8079, 0.6979)\n  [20] (0.8648, 0.8673)\n  [21] (0.2769, 0.4108)\n  [22] (0.1223, 0.3622)\n  [23] (0.6350, 0.9026)\n  [24] (0.6910, 0.7369)\n  [25] (0.4498, 0.8458)"
    },
    "private": {
        "reported_sum_of_radii": 2.432469138563219,
        "actual_sum_of_radii": 2.432469138563219
    },
    "text_feedback": "sum_radii=2.432469 | min_gap=-0.000000 | wall_slack_min=0.000000",
    "execution_time_mean": 155.6948082910094,
    "execution_time_std": 0.0,
    "num_valid_runs": 1,
    "num_invalid_runs": 0,
    "all_validation_errors": []
}