{
    "combined_score": 0.3050141897142838,
    "public": {
        "n_circles": 26,
        "sum_radii": 0.305014,
        "min_radius": 0.0,
        "max_radius": 0.087981,
        "min_gap": 0.004229,
        "wall_slack_min": 0.0,
        "centers_str": "  [ 0] (0.1126, 0.0319)\n  [ 1] (0.0401, 0.2935)\n  [ 2] (0.2121, 0.4797)\n  [ 3] (0.0339, 0.6773)\n  [ 4] (0.1835, 0.9720)\n  [ 5] (0.5301, 0.0591)\n  [ 6] (0.2800, 0.2151)\n  [ 7] (0.2541, 0.2843)\n  [ 8] (0.3827, 0.6773)\n  [ 9] (0.0891, 0.9349)\n  [10] (0.4395, 0.0558)\n  [11] (0.3826, 0.2574)\n  [12] (0.5461, 0.5399)\n  [13] (0.3572, 0.6046)\n  [14] (0.4375, 0.9546)\n  [15] (0.7912, 0.0400)\n  [16] (0.5881, 0.1994)\n  [17] (0.5599, 0.3323)\n  [18] (0.6961, 0.7097)\n  [19] (0.6625, 0.8223)\n  [20] (0.9120, 0.0936)\n  [21] (0.8897, 0.3048)\n  [22] (0.9661, 0.4145)\n  [23] (0.7707, 0.5315)\n  [24] (0.9480, 0.9452)\n  [25] (0.3089, 0.8597)"
    },
    "private": {
        "reported_sum_of_radii": 0.3050141897142838,
        "actual_sum_of_radii": 0.3050141897142838
    },
    "text_feedback": "sum_radii=0.305014 | min_gap=0.004229 | wall_slack_min=0.000000",
    "execution_time_mean": 0.9509307499974966,
    "execution_time_std": 0.0,
    "num_valid_runs": 1,
    "num_invalid_runs": 0,
    "all_validation_errors": []
}