{
    "combined_score": 1.679619961305785,
    "public": {
        "n_circles": 26,
        "sum_radii": 1.67962,
        "min_radius": 0.0,
        "max_radius": 0.215767,
        "min_gap": 0.0,
        "wall_slack_min": 0.0,
        "centers_str": "  [ 0] (0.4500, 0.4143)\n  [ 1] (0.7734, 0.4198)\n  [ 2] (0.6494, 0.7669)\n  [ 3] (0.4159, 0.8306)\n  [ 4] (0.3595, 0.7498)\n  [ 5] (0.2431, 0.3019)\n  [ 6] (0.2967, 0.0829)\n  [ 7] (0.7690, 0.1564)\n  [ 8] (0.9813, 0.8227)\n  [ 9] (0.9900, 0.5345)\n  [10] (0.9094, 0.6967)\n  [11] (0.9383, 0.8753)\n  [12] (0.5562, 0.9900)\n  [13] (0.3902, 0.9268)\n  [14] (0.2851, 0.8330)\n  [15] (0.0307, 0.9140)\n  [16] (0.0200, 0.5973)\n  [17] (0.1530, 0.5756)\n  [18] (0.1199, 0.3792)\n  [19] (0.0916, 0.2120)\n  [20] (0.1273, 0.0599)\n  [21] (0.4062, 0.0100)\n  [22] (0.5549, 0.1353)\n  [23] (0.4174, 0.0100)\n  [24] (0.6257, 0.3862)\n  [25] (0.9800, 0.3037)"
    },
    "private": {
        "reported_sum_of_radii": 1.679619961305785,
        "actual_sum_of_radii": 1.679619961305785
    },
    "text_feedback": "sum_radii=1.679620 | min_gap=0.000000 | wall_slack_min=0.000000",
    "execution_time_mean": 1.1851612500031479,
    "execution_time_std": 0.0,
    "num_valid_runs": 1,
    "num_invalid_runs": 0,
    "all_validation_errors": []
}