{
    "combined_score": 2.5365356784882143,
    "public": {
        "n_circles": 26,
        "sum_radii": 2.536536,
        "min_radius": 0.058104,
        "max_radius": 0.173571,
        "min_gap": 0.0,
        "wall_slack_min": 0.0,
        "centers_str": "  [ 0] (0.5107, 0.5061)\n  [ 1] (0.7840, 0.5052)\n  [ 2] (0.7146, 0.7022)\n  [ 3] (0.5194, 0.7810)\n  [ 4] (0.3082, 0.7176)\n  [ 5] (0.2332, 0.5077)\n  [ 6] (0.2962, 0.2926)\n  [ 7] (0.5110, 0.2276)\n  [ 8] (0.7129, 0.3045)\n  [ 9] (0.9419, 0.5054)\n  [10] (0.9086, 0.6512)\n  [11] (0.8836, 0.8576)\n  [12] (0.6762, 0.9039)\n  [13] (0.5258, 0.9411)\n  [14] (0.3817, 0.9116)\n  [15] (0.1965, 0.9029)\n  [16] (0.0951, 0.7396)\n  [17] (0.0714, 0.5747)\n  [18] (0.0738, 0.4295)\n  [19] (0.0887, 0.2675)\n  [20] (0.1825, 0.1018)\n  [21] (0.3740, 0.0901)\n  [22] (0.5230, 0.0618)\n  [23] (0.6781, 0.0977)\n  [24] (0.8841, 0.1534)\n  [25] (0.9087, 0.3596)"
    },
    "private": {
        "reported_sum_of_radii": 2.5365356784882143,
        "actual_sum_of_radii": 2.5365356784882143
    },
    "text_feedback": "sum_radii=2.536536 | min_gap=0.000000 | wall_slack_min=0.000000",
    "execution_time_mean": 72.75582883300376,
    "execution_time_std": 0.0,
    "num_valid_runs": 1,
    "num_invalid_runs": 0,
    "all_validation_errors": []
}