{
    "combined_score": 2.5793498873309244,
    "public": {
        "n_circles": 26,
        "sum_radii": 2.57935,
        "min_radius": 0.055646,
        "max_radius": 0.174497,
        "min_gap": 0.0,
        "wall_slack_min": 0.000112,
        "centers_str": "  [ 0] (0.4983, 0.5143)\n  [ 1] (0.7761, 0.5079)\n  [ 2] (0.7063, 0.7103)\n  [ 3] (0.5105, 0.7888)\n  [ 4] (0.2920, 0.7326)\n  [ 5] (0.2408, 0.5302)\n  [ 6] (0.2646, 0.3172)\n  [ 7] (0.4875, 0.2322)\n  [ 8] (0.6979, 0.3045)\n  [ 9] (0.9395, 0.5066)\n  [10] (0.9051, 0.6577)\n  [11] (0.8750, 0.8750)\n  [12] (0.6609, 0.9079)\n  [13] (0.5180, 0.9442)\n  [14] (0.3835, 0.9183)\n  [15] (0.2259, 0.9234)\n  [16] (0.0925, 0.8203)\n  [17] (0.0952, 0.6330)\n  [18] (0.0890, 0.4494)\n  [19] (0.0675, 0.2949)\n  [20] (0.1174, 0.1174)\n  [21] (0.3316, 0.0982)\n  [22] (0.4877, 0.0624)\n  [23] (0.6439, 0.0984)\n  [24] (0.8698, 0.1302)\n  [25] (0.9033, 0.3541)"
    },
    "private": {
        "reported_sum_of_radii": 2.5793498873309244,
        "actual_sum_of_radii": 2.5793498873309244
    },
    "text_feedback": "sum_radii=2.579350 | min_gap=0.000000 | wall_slack_min=0.000112",
    "execution_time_mean": 8.704279917001259,
    "execution_time_std": 0.0,
    "num_valid_runs": 1,
    "num_invalid_runs": 0,
    "all_validation_errors": []
}