{
    "combined_score": 1.8212275215939195,
    "public": {
        "n_circles": 26,
        "sum_radii": 1.821228,
        "min_radius": 0.039326,
        "max_radius": 0.09528,
        "min_gap": -0.0,
        "wall_slack_min": 0.0,
        "centers_str": "  [ 0] (0.5000, 0.5000)\n  [ 1] (0.7800, 0.5000)\n  [ 2] (0.6980, 0.6980)\n  [ 3] (0.5000, 0.7800)\n  [ 4] (0.3020, 0.6980)\n  [ 5] (0.2200, 0.5000)\n  [ 6] (0.3020, 0.3020)\n  [ 7] (0.5000, 0.2200)\n  [ 8] (0.6980, 0.3020)\n  [ 9] (0.9400, 0.5000)\n  [10] (0.9103, 0.6589)\n  [11] (0.8252, 0.7964)\n  [12] (0.6961, 0.8939)\n  [13] (0.5406, 0.9381)\n  [14] (0.3796, 0.9232)\n  [15] (0.2348, 0.8511)\n  [16] (0.1259, 0.7316)\n  [17] (0.0675, 0.5808)\n  [18] (0.0675, 0.4192)\n  [19] (0.1259, 0.2684)\n  [20] (0.2348, 0.1489)\n  [21] (0.3796, 0.0768)\n  [22] (0.5406, 0.0619)\n  [23] (0.6961, 0.1061)\n  [24] (0.8252, 0.2036)\n  [25] (0.9103, 0.3411)"
    },
    "private": {
        "reported_sum_of_radii": 1.8212275215939195,
        "actual_sum_of_radii": 1.8212275215939195
    },
    "text_feedback": "sum_radii=1.821228 | min_gap=-0.000000 | wall_slack_min=0.000000",
    "execution_time_mean": 0.0032196249958360568,
    "execution_time_std": 0.0,
    "num_valid_runs": 1,
    "num_invalid_runs": 0,
    "all_validation_errors": []
}