{
    "combined_score": 2.5483838274239887,
    "public": {
        "n_circles": 26,
        "sum_radii": 2.548384,
        "min_radius": 0.053148,
        "max_radius": 0.16779,
        "min_gap": -0.0,
        "wall_slack_min": -0.0,
        "centers_str": "  [ 0] (0.6288, 0.8322)\n  [ 1] (0.0742, 0.1787)\n  [ 2] (0.9101, 0.2144)\n  [ 3] (0.1421, 0.8579)\n  [ 4] (0.8947, 0.8947)\n  [ 5] (0.4436, 0.1997)\n  [ 6] (0.3753, 0.9043)\n  [ 7] (0.1024, 0.6167)\n  [ 8] (0.8714, 0.6619)\n  [ 9] (0.0531, 0.0531)\n  [10] (0.1783, 0.0737)\n  [11] (0.3287, 0.0767)\n  [12] (0.4579, 0.0544)\n  [13] (0.6041, 0.0983)\n  [14] (0.7885, 0.0865)\n  [15] (0.9366, 0.0634)\n  [16] (0.0785, 0.3314)\n  [17] (0.2466, 0.2448)\n  [18] (0.4042, 0.3936)\n  [19] (0.5538, 0.3106)\n  [20] (0.7203, 0.2677)\n  [21] (0.8845, 0.4182)\n  [22] (0.0565, 0.4646)\n  [23] (0.2088, 0.4485)\n  [24] (0.3588, 0.6525)\n  [25] (0.6339, 0.5123)"
    },
    "private": {
        "reported_sum_of_radii": 2.5483838274239887,
        "actual_sum_of_radii": 2.5483838274239887
    },
    "text_feedback": "sum_radii=2.548384 | min_gap=-0.000000 | wall_slack_min=-0.000000",
    "execution_time_mean": 1.371827208000468,
    "execution_time_std": 0.0,
    "num_valid_runs": 1,
    "num_invalid_runs": 0,
    "all_validation_errors": []
}