{
    "combined_score": 1.8526168354574788,
    "public": {
        "n_circles": 26,
        "sum_radii": 1.852617,
        "min_radius": 0.001415,
        "max_radius": 0.125944,
        "min_gap": -0.0,
        "wall_slack_min": 0.0,
        "centers_str": "  [ 0] (0.7005, 0.2373)\n  [ 1] (0.9156, 0.7520)\n  [ 2] (0.7206, 0.4181)\n  [ 3] (0.6870, 0.9559)\n  [ 4] (0.4446, 0.4067)\n  [ 5] (0.3278, 0.7051)\n  [ 6] (0.7132, 0.2863)\n  [ 7] (0.7413, 0.7951)\n  [ 8] (0.1412, 0.5649)\n  [ 9] (0.5336, 0.1003)\n  [10] (0.4916, 0.8284)\n  [11] (0.9664, 0.5038)\n  [12] (0.2671, 0.3492)\n  [13] (0.2490, 0.7130)\n  [14] (0.3527, 0.5693)\n  [15] (0.0988, 0.7307)\n  [16] (0.1717, 0.9746)\n  [17] (0.0602, 0.4036)\n  [18] (0.2632, 0.8682)\n  [19] (0.5536, 0.3229)\n  [20] (0.2916, 0.0710)\n  [21] (0.0944, 0.1399)\n  [22] (0.8945, 0.2059)\n  [23] (0.8575, 0.4031)\n  [24] (0.9269, 0.6064)\n  [25] (0.7295, 0.1796)"
    },
    "private": {
        "reported_sum_of_radii": 1.8526168354574788,
        "actual_sum_of_radii": 1.8526168354574788
    },
    "text_feedback": "sum_radii=1.852617 | min_gap=-0.000000 | wall_slack_min=0.000000",
    "execution_time_mean": 4.566772540987586,
    "execution_time_std": 0.0,
    "num_valid_runs": 1,
    "num_invalid_runs": 0,
    "all_validation_errors": []
}